text,label
I need a website for my small company,0
Looking for a web developer to create a site for my business,0
Can someone build a professional website for me?,0
Need a designer for a new website project,0
Looking to develop a new website for my startup,0
Searching for an experienced web developer for a web application,0
Need a responsive website for my online store,0
Looking for a web developer to enhance my current website,0
Need help creating a landing page for my product,0
Seeking a web developer for custom website features,0
Looking for someone to design a logo for my new brand,1
Need a graphic designer for marketing materials,1
Searching for a professional to create visual content for my business,1
Need a designer for an advertisement campaign,1
Looking for a graphic designer to create a company brochure,1
Need help with branding and visual identity,1
Searching for a designer to develop a new logo,1
Looking for a graphic designer to work on social media visuals,1
Need a designer for custom illustrations,1
Looking for a graphic designer to help with website graphics,1
Searching for someone to analyze our sales data,2
Need a data analyst to review our business metrics,2
Looking for a professional to analyze market trends,2
Need help with data reporting and visualization,2
Searching for a data analyst to help with business intelligence,2
Looking for someone to analyze customer data,2
Need a data analyst for financial reporting,2
Searching for a data analyst to improve our data strategies,2
Looking for a professional to analyze survey data,2
Need help with data interpretation and insights,2
Need a software engineer to build a custom application,3
Looking for a software engineer for our tech project,3
Searching for a developer to create a new software tool,3
Need help with building and maintaining software,3
Looking for a software engineer to develop a web app,3
Searching for an engineer to work on software optimization,3
Need a software developer for mobile app development,3
Looking for someone to design and implement software features,3
Need a software engineer to work on backend systems,3
Searching for a software engineer for a new product,3
Looking for a project manager to oversee our new project,4
Need a project manager for a software development project,4
Searching for a professional to handle project coordination,4
Looking for someone to manage timelines and deliverables,4
Need a project manager to lead our team,4
Searching for a project manager to ensure project success,4
Looking for a project manager with experience in agile methodologies,4
Need help with managing a complex project,4
Searching for a project manager for a product launch,4
Looking for a project manager to handle cross-functional teams,4
Need help with digital marketing strategies,5
Looking for a marketing specialist for SEO and PPC,5
Searching for someone to help with content marketing,5
Need a specialist for social media campaigns,5
Looking for a digital marketer to improve online presence,5
Searching for a marketing expert for brand promotion,5
Need help with developing a marketing strategy,5
Looking for a specialist in email marketing,5
Searching for someone to create and execute marketing plans,5
Need a marketing specialist for market research,5
Looking for a digital marketing consultant for our business,5
Looking for a content writer for blog posts and articles,6
Need a writer for creating engaging content,6
Searching for a professional to write web content,6
Looking for someone to develop content for our website,6
Need a content writer for marketing materials,6
Searching for a writer to produce high-quality articles,6
Looking for a content creator for social media posts,6
Need a writer to handle content strategy,6
Searching for a professional to craft compelling copy,6
Looking for a content writer for our company newsletter,6
Need help with creating SEO-friendly content,6
Searching for a UX/UI designer for our mobile app,7
Looking for a designer to improve user experience,7
Need a UX/UI expert to design an intuitive interface,7
Searching for a professional to enhance user interaction,7
Looking for a UX/UI designer for a new web project,7
Need help with designing user-friendly applications,7
Searching for someone to create a modern UI design,7
Looking for a UX/UI designer for product design,7
Need a designer to optimize user flow,7
Searching for a UX/UI specialist for website improvements,7
Need a systems administrator to manage our network,8
Looking for an administrator to handle server issues,8
Searching for a professional to oversee network security,8
Need help with systems maintenance and updates,8
Looking for a systems administrator for IT support,8
Need a specialist to manage our infrastructure,8
Searching for a systems administrator to configure systems,8
Looking for someone to handle network troubleshooting,8
Need a systems administrator for cloud management,8
Searching for an expert to manage system backups,8
Looking for a systems administrator to optimize performance,8
Looking for a network engineer for troubleshooting issues,9
Need an engineer to improve network reliability,9
Searching for a professional to handle network configurations,9
Looking for someone to manage network infrastructure,9
Need help with network security and monitoring,9
Searching for a network engineer for system integration,9
Looking for an engineer to design network solutions,9
Need a network expert for bandwidth optimization,9
Searching for a professional to resolve network outages,9
Looking for someone to handle network upgrades,9
Need a network engineer for troubleshooting and support,9
Seeking a DevOps engineer to improve our deployment pipeline,10
Looking for a DevOps specialist for CI/CD implementation,10
Need help with automating deployment processes,10
Searching for someone to manage our DevOps practices,10
Looking for a professional to handle infrastructure as code,10
Need a DevOps engineer for cloud deployment,10
Searching for a specialist to optimize our build pipeline,10
Looking for someone to streamline our software release process,10
Need help with DevOps tools and technologies,10
Searching for a DevOps engineer for system scalability,10
Looking for a DevOps expert for container management,10
Need a product manager to lead our new product launch,11
Searching for someone to oversee product development,11
Looking for a professional to manage product lifecycle,11
Need help with coordinating product features and roadmap,11
Searching for a product manager to drive innovation,11
Looking for someone to handle product strategy,11
Need a product manager for cross-functional team leadership,11
Searching for a professional to manage product releases,11
Looking for someone to align product vision with business goals,11
Need a product manager to oversee product design and development,11
Searching for a product manager for customer feedback integration,11
Looking for customer support representatives for our service,12
Need help with managing customer inquiries,12
Searching for someone to handle customer service requests,12
Looking for support staff to resolve customer issues,12
Need a representative for customer support and assistance,12
Searching for professionals to manage client relations,12
Looking for customer support agents for live chat support,12
Need help with handling customer complaints,12
Searching for someone to provide technical support,12
Looking for customer service staff for call center operations,12
Need a team to manage customer support tickets,12
Searching for an SEO specialist to optimize our website,13
Looking for a professional to improve search engine rankings,13
Need help with keyword research and on-page SEO,13
Searching for an SEO expert for backlink strategies,13
Looking for someone to enhance our website's visibility,13
Need an SEO specialist to analyze and improve traffic,13
Searching for a professional to handle SEO audits,13
Looking for an SEO consultant for content optimization,13
Need help with SEO strategy and implementation,13
Searching for an expert to improve local search rankings,13
Looking for an SEO specialist for competitive analysis,13
Need a financial analyst to review our budget,14
Searching for someone to analyze financial performance,14
Looking for a professional to help with financial forecasting,14
Need help with budgeting and financial planning,14
Searching for a financial analyst for investment analysis,14
Looking for someone to assess financial risks,14
Need a financial analyst for cost analysis,14
Searching for a professional to handle financial reporting,14
Looking for an analyst to manage financial data,14
Need help with financial modeling and projections,14
Searching for someone to assist with financial decision-making,14
Looking for a software tester to ensure quality of our software,15
Need help with identifying software bugs,15
Searching for a tester to perform system checks,15
Looking for someone to conduct software quality assurance,15
Need a professional to handle automated testing,15
Searching for a software tester for user acceptance testing,15
Looking for a tester to verify software functionality,15
Need help with creating and executing test cases,15
Searching for someone to perform regression testing,15
Looking for a software tester to ensure application stability,15
Need a quality assurance tester for software validation,15
Seeking an AI researcher for developing machine learning models,16
Looking for a researcher to explore AI techniques,16
Need help with creating and training machine learning models,16
Searching for an expert in artificial intelligence research,16
Looking for someone to work on AI algorithms,16
Need an AI researcher for data-driven insights,16
Searching for a professional to develop AI solutions,16
Looking for someone to handle deep learning projects,16
Need help with AI model optimization and testing,16
Searching for a researcher to work on neural networks,16
Looking for an AI specialist for advanced analytics,16
Need a cybersecurity analyst to enhance our security,17
Searching for someone to manage cyber threat detection,17
Looking for a professional to handle security assessments,17
Need help with vulnerability analysis and mitigation,17
Searching for a cybersecurity expert for incident response,17
Looking for someone to develop security protocols,17
Need a specialist to monitor network security,17
Searching for a cybersecurity analyst to protect sensitive data,17
Looking for someone to conduct security audits,17
Need help with implementing security measures,17
Searching for a professional to manage cyber risk,17
Looking for a video editor for promotional videos,18
Need someone to edit and enhance video content,18
Searching for a professional to create marketing videos,18
Looking for a video editor to handle video production,18
Need help with video cutting and post-production,18
Searching for someone to create engaging video content,18
Looking for a video editor to develop multimedia materials,18
Need help with video editing for social media campaigns,18
Searching for a professional to produce video ads,18
Looking for a video editor to manage video projects,18
Need someone to edit and finalize promotional footage,18
Searching for a game developer to create a new mobile game,19
Looking for a developer to work on game mechanics,19
Need help with developing engaging game content,19
Searching for someone to handle game design and coding,19
Looking for a game developer for interactive entertainment,19
Need a professional to develop game prototypes,19
Searching for someone to manage game development pipelines,19
Looking for a developer to implement game features,19
Need help with game testing and quality assurance,19
Searching for someone to work on game graphics and assets,19
Looking for a game developer to build virtual experiences,19
Need a hardware engineer for designing new hardware components,20
Searching for someone to develop electronic hardware,20
Looking for a hardware engineer to create prototypes,20
Need help with designing and testing hardware systems,20
Searching for a professional to manage hardware development,20
Looking for someone to work on hardware specifications,20
Need a hardware engineer for custom hardware solutions,20
Searching for someone to handle circuit design,20
Looking for a professional to optimize hardware performance,20
Need help with hardware troubleshooting and support,20
Searching for a hardware engineer for embedded systems,20
Looking for a cloud architect to design our cloud infrastructure,21
Need someone to create a scalable cloud architecture,21
Searching for a professional to manage cloud solutions,21
Looking for a cloud architect for infrastructure optimization,21
Need help with cloud migration strategies,21
Searching for someone to design cloud-native applications,21
Looking for a cloud architect to implement cloud security,21
Need help with cloud service integration,21
Searching for someone to handle cloud cost management,21
Looking for a professional to develop cloud-based solutions,21
Need a technical writer for user manuals and documentation,22
Searching for someone to create clear technical documentation,22
Looking for a professional to write user guides,22
Need help with producing technical content for manuals,22
Searching for a technical writer for API documentation,22
Looking for someone to handle product documentation,22
Need a writer to develop technical tutorials,22
Searching for someone to create online help content,22
Looking for a technical writer to manage documentation projects,22
Need help with technical writing for software documentation,22
Searching for someone to develop instructional materials,22
Looking for a front-end developer for our web application,23
Need someone to work on web user interfaces,23
Searching for a developer to handle front-end design,23
Looking for a front-end developer for responsive design,23
Need help with implementing web UI components,23
Searching for someone to work on web application performance,23
Looking for a developer to create interactive web features,23
Need a front-end expert to manage user experience,23
Searching for someone to handle cross-browser compatibility,23
Looking for a professional to develop web animations,23
Need a back-end developer to build server-side logic,24
Searching for someone to handle server-side development,24
Looking for a developer to work on database management,24
Need help with back-end API development,24
Searching for someone to optimize server performance,24
Looking for a back-end developer to manage application logic,24
Need a professional to handle server integration,24
Searching for someone to work on data processing,24
Looking for a back-end developer for scalable solutions,24
Need help with developing server-side applications,24
Looking for a full-stack developer for end-to-end development,25
Need someone to handle both front-end and back-end tasks,25
Searching for a developer to build complete web applications,25
Looking for a full-stack developer for custom solutions,25
Need help with integrating front-end and back-end systems,25
Searching for someone to manage end-to-end development projects,25
Looking for a professional to handle full-stack development,25
Need a developer for all aspects of application development,25
Searching for someone to work on both client and server-side code,25
Looking for a full-stack developer to build and maintain applications,25
Need help with end-to-end software solutions,25
Looking for a scientific researcher for a research project,26
Need someone to conduct experiments and analyze results,26
Searching for a researcher to work on scientific studies,26
Looking for a professional to handle data collection and analysis,26
Need help with scientific research methodologies,26
Searching for someone to develop research proposals,26
Looking for a researcher to publish scientific papers,26
Need a professional to assist with lab research,26
Searching for someone to work on research collaborations,26
Looking for a scientific researcher to handle data interpretation,26
Need help with scientific research project management,26
Searching for a consultant to advise on business strategies,27
Looking for someone to provide expert business advice,27
Need help with strategic planning and implementation,27
Searching for a consultant for market analysis,27
Looking for someone to handle business development strategies,27
Need a consultant to improve business operations,27
Searching for someone to assist with business growth,27
Looking for a professional to provide industry insights,27
Need help with developing business plans,27
Searching for a consultant to advise on mergers and acquisitions,27
Looking for someone to offer guidance on business expansion,27
Need a web designer to create an attractive website,28
Searching for someone to design a visually appealing site,28
Looking for a designer to enhance website aesthetics,28
Need help with web design for better user engagement,28
Searching for a professional to develop a unique website layout,28
Looking for a web designer for custom design elements,28
Need someone to handle website graphics and visuals,28
Searching for a designer to work on website branding,28
Looking for a professional to create engaging web interfaces,28
Need help with designing website themes,28
Searching for a web designer for responsive design,28
Need an educator to develop educational materials,29
Looking for someone to create lesson plans and resources,29
Searching for an educator to design training programs,29
Need help with developing educational content,29
Looking for a professional to handle curriculum design,29
Searching for someone to work on educational workshops,29
Need an educator to produce teaching materials,29
Looking for someone to develop instructional resources,29
Need help with creating educational presentations,29
Searching for a professional to design online courses,29
Looking for an educator to assist with academic programs,29
Need an entrepreneur to guide a startup venture,30
Searching for someone to provide business mentorship,30
Looking for an entrepreneur to assist with business planning,30
Need help with startup strategy and development,30
Searching for a professional to advise on venture growth,30
Looking for someone to handle business model development,30
Need an entrepreneur to offer startup funding advice,30
Searching for someone to help with business pitches,30
Looking for a mentor for entrepreneurial guidance,30
Need help with market entry strategies,30
Searching for an entrepreneur to guide business operations,30
Searching for a public relations specialist for media outreach,31
Looking for someone to manage media relations,31
Need help with public relations campaigns,31
Searching for a professional to handle press releases,31
Looking for a PR specialist for brand promotion,31
Need someone to develop media strategies,31
Searching for a PR expert to manage public image,31
Looking for someone to coordinate with media outlets,31
Need help with organizing press events,31
Searching for a professional to handle crisis communication,31
Looking for a PR specialist for event planning,31
Need a legal advisor for contract reviews,32
Searching for someone to handle legal agreements,32
Looking for a professional to review and draft contracts,32
Need help with legal compliance and documentation,32
Searching for a legal expert to manage business contracts,32
Looking for someone to advise on legal matters,32
Need a legal advisor for risk assessment,32
Searching for a professional to handle legal negotiations,32
Looking for a legal expert for intellectual property,32
Need help with contract law and legal guidance,32
Searching for a logistics coordinator to manage supply chain operations,33
Looking for someone to handle inventory and shipments,33
Need help with coordinating logistics and distribution,33
Searching for a professional to manage supply chain efficiency,33
Looking for a coordinator for transportation and logistics,33
Need someone to handle warehouse management,33
Searching for a logistics expert to improve operations,33
Looking for someone to oversee order fulfillment,33
Need help with logistics planning and optimization,33
Searching for a professional to manage vendor relationships,33
Looking for a logistics coordinator for supply chain management,33
Looking for an HR specialist for recruitment and employee management,35
Need someone to handle talent acquisition and hiring,35
Searching for a professional to manage employee onboarding,35
Looking for an HR specialist to develop training programs,35
Need help with employee relations and performance management,35
Searching for someone to handle benefits administration,35
Looking for an HR expert for workforce planning,35
Need help with HR policy development,35
Searching for someone to manage employee engagement,35
Looking for an HR specialist for compliance and regulations,35
Need help with recruiting for various positions,35
Looking for a social media manager to handle our social media accounts,36
Need someone to create and manage social media content,36
Searching for a professional to handle social media marketing,36
Looking for a social media manager to increase engagement,36
Need help with developing social media strategies,36
Searching for someone to manage social media advertising,36
Looking for a specialist to handle social media analytics,36
Need a social media manager for brand awareness campaigns,36
Searching for someone to create social media posts and updates,36
Looking for a professional to manage social media communities,36
Need help with social media content scheduling,36
Looking for a CTO to lead our technology team,37
Need someone to oversee our tech development and strategy,37
Searching for a CTO to manage technology operations,37
Looking for a professional to guide our tech vision,37
Need help with leading our IT department,37
Searching for someone to handle technology innovation,37
Looking for a CTO to drive tech projects,37
Need a professional to manage tech resources and budget,37
Searching for someone to handle technology integration,37
Looking for a CTO for strategic tech planning,37
Need help with leading our tech team and initiatives,37
Looking for a business analyst to evaluate business performance,38
Need someone to analyze business data and metrics,38
Searching for a professional to assess company performance,38
Looking for a business analyst to provide insights and recommendations,38
Need help with evaluating business processes,38
Searching for someone to manage performance reporting,38
Looking for a business analyst to support strategic decisions,38
Need a professional to handle data analysis and reporting,38
Searching for someone to assess operational efficiency,38
Looking for a business analyst to improve business strategies,38
Need help with analyzing business trends and forecasts,38
Looking for a CEO to lead and grow our company,40
Need someone to oversee company operations and strategy,40
Searching for a CEO to drive business growth,40
Looking for a professional to manage company vision and direction,40
Need help with executive leadership and decision-making,40
Searching for someone to handle overall company management,40
Looking for a CEO for strategic business planning,40
Need a professional to guide company expansion,40
Searching for someone to handle corporate governance,40
Looking for a CEO to lead organizational change,40
Need a mobile app developer to build a new app,41
Searching for someone to create a custom mobile application,41
Looking for a developer to work on iOS and Android apps,41
Need help with mobile app design and development,41
Searching for someone to handle app testing and deployment,41
Looking for a mobile developer for app functionality,41
Need a professional to manage mobile app updates,41
Searching for someone to develop mobile app features,41
Looking for a mobile app developer to improve user experience,41
Need help with mobile app performance optimization,41
I need someone for making a mobile app for my business, 41